{"loss": 2775.53759765625, "lr": 3.9450000000000003e-05, "_timestamp": 1732700516, "_runtime": 280, "_step": 1600}