{"loss": 2517.887451171875, "lr": 1.2600000000000001e-05, "_timestamp": 1732699876, "_runtime": 100, "_step": 512}